,clip_id,mp3_path,track_number,title,artist,album,url,segmentStart,segmentEnd,original_url
14,38391,C:/Users/fmlin/Desktop/ismir2018_tutorial-master/dataset/MagnaTagATune/audio/0/american_bach_soloists-j_s__bach__cantatas_volume_v-09-weinen_klagen_sorgen_zagen_bwv_12_iv_aria__kreuz_und_krone_sind_verbunden-59-88.mp3,9,-Weinen Klagen Sorgen Zagen BWV 12_ IV Aria - Kreuz und Krone sind verbunden-,American Bach Soloists,J.S. Bach - Cantatas Volume V,http://www.magnatune.com/artists/albums/abs-cantatasfive/,59,88,http://he3.magnatune.com/all/09--Weinen%20Klagen%20Sorgen%20Zagen%20BWV%2012_%20IV%20Aria%20-%20Kreuz%20und%20Krone%20sind%20verbunden--ABS.mp3
20,53426,C:/Users/fmlin/Desktop/ismir2018_tutorial-master/dataset/MagnaTagATune/audio/0/american_bach_soloists-j_s__bach__cantatas_volume_v-16-nun_komm_der_heiden_heiland_bwv_61_iv_recitative__siehe_ich_stehe_vor_der_tur-30-59.mp3,16,-Nun komm der Heiden Heiland BWV 61_ IV Recitative - Siehe ich stehe vor der Tur-,American Bach Soloists,J.S. Bach - Cantatas Volume V,http://www.magnatune.com/artists/albums/abs-cantatasfive/,30,59,http://he3.magnatune.com/all/16--Nun%20komm%20der%20Heiden%20Heiland%20BWV%2061_%20IV%20Recitative%20-%20Siehe%20ich%20stehe%20vor%20der%20Tur--ABS.mp3
38,26979,C:/Users/fmlin/Desktop/ismir2018_tutorial-master/dataset/MagnaTagATune/audio/7/american_bach_soloists-j_s__bach__mass_in_b_minor_cd2-06-et_resurrexit-204-233.mp3,6,Et resurrexit,American Bach Soloists,J.S. Bach - Mass in B Minor CD2,http://www.magnatune.com/artists/albums/abs-bachmasscd2/,204,233,http://he3.magnatune.com/all/06-Et%20resurrexit-ABS.mp3
44,47681,C:/Users/fmlin/Desktop/ismir2018_tutorial-master/dataset/MagnaTagATune/audio/7/american_bach_soloists-j_s__bach__mass_in_b_minor_cd2-12-benedictus-204-233.mp3,12,Benedictus,American Bach Soloists,J.S. Bach - Mass in B Minor CD2,http://www.magnatune.com/artists/albums/abs-bachmasscd2/,204,233,http://he3.magnatune.com/all/12-Benedictus-ABS.mp3
46,51091,C:/Users/fmlin/Desktop/ismir2018_tutorial-master/dataset/MagnaTagATune/audio/7/american_bach_soloists-j_s__bach__mass_in_b_minor_cd2-14-agnus_dei-0-29.mp3,14,Agnus Dei,American Bach Soloists,J.S. Bach - Mass in B Minor CD2,http://www.magnatune.com/artists/albums/abs-bachmasscd2/,0,29,http://he3.magnatune.com/all/14-Agnus%20Dei-ABS.mp3
71,38685,C:/Users/fmlin/Desktop/ismir2018_tutorial-master/dataset/MagnaTagATune/audio/0/american_bach_soloists-joseph_haydn__masses-09-benedictus__allegro_moderato-30-59.mp3,9,Benedictus - Allegro moderato,American Bach Soloists,Joseph Haydn - Masses,http://www.magnatune.com/artists/albums/abs-haydnmasses/,30,59,http://he3.magnatune.com/all/09-Benedictus%20-%20Allegro%20moderato-ABS.mp3
73,47853,C:/Users/fmlin/Desktop/ismir2018_tutorial-master/dataset/MagnaTagATune/audio/0/american_bach_soloists-joseph_haydn__masses-12-dona_nobis__allegro_vivace-88-117.mp3,12,Dona nobis - Allegro vivace,American Bach Soloists,Joseph Haydn - Masses,http://www.magnatune.com/artists/albums/abs-haydnmasses/,88,117,http://he3.magnatune.com/all/12-Dona%20nobis%20-%20Allegro%20vivace-ABS.mp3
79,55013,C:/Users/fmlin/Desktop/ismir2018_tutorial-master/dataset/MagnaTagATune/audio/0/american_bach_soloists-joseph_haydn__masses-18-agnus_dei__adagio-30-59.mp3,18,Agnus Dei - Adagio,American Bach Soloists,Joseph Haydn - Masses,http://www.magnatune.com/artists/albums/abs-haydnmasses/,30,59,http://he3.magnatune.com/all/18-Agnus%20Dei%20-%20Adagio-ABS.mp3
93,17104,C:/Users/fmlin/Desktop/ismir2018_tutorial-master/dataset/MagnaTagATune/audio/f/american_baroque-the_four_seasons_by_vivaldi-04-concerto_no_2_in_g_minor_rv_315_summer__allegro_non_molto-204-233.mp3,4,Concerto No.2 in g minor RV 315 _SUMMER_ - Allegro non molto,American Baroque,The Four Seasons by Vivaldi,http://www.magnatune.com/artists/albums/abaroque-seasons/,204,233,http://he3.magnatune.com/all/04-Concerto%20No.2%20in%20g%20minor%20RV%20315%20_SUMMER_%20-%20Allegro%20non%20molto-American%20Baroque.mp3
113,48755,C:/Users/fmlin/Desktop/ismir2018_tutorial-master/dataset/MagnaTagATune/audio/0/ammonite-reconnection-12-reconnection_outro-88-117.mp3,12,Reconnection (outro),Ammonite,Reconnection,http://www.magnatune.com/artists/albums/ammonite-recon/,88,117,http://he3.magnatune.com/all/12-Reconnection%20(outro)-Ammonite.mp3
127,27777,C:/Users/fmlin/Desktop/ismir2018_tutorial-master/dataset/MagnaTagATune/audio/2/anup-embrace-06-life_glides-88-117.mp3,6,Life Glides,Anup,Embrace,http://www.magnatune.com/artists/albums/anup-embrace/,88,117,http://he3.magnatune.com/all/06-Life%20Glides-Anup.mp3
136,17926,C:/Users/fmlin/Desktop/ismir2018_tutorial-master/dataset/MagnaTagATune/audio/0/apa_ya-apa_ya-04-hayi_sera-204-233.mp3,4,Hayi Sera,Apa Ya,Apa Ya,http://www.magnatune.com/artists/albums/headroom-apa/,204,233,http://he3.magnatune.com/all/04-Hayi%20Sera-Apa%20Ya.mp3
169,43523,C:/Users/fmlin/Desktop/ismir2018_tutorial-master/dataset/MagnaTagATune/audio/a/asteria-soyes_loyal-10-of_a_rose_singe_we_lute_anon-88-117.mp3,10,Of A Rose Singe We (Lute) (anon),Asteria,Soyes Loyal,http://www.magnatune.com/artists/albums/asteria-soyes/,88,117,http://he3.magnatune.com/all/10-Of%20A%20Rose%20Singe%20We%20(Lute)%20(anon)-Asteria.mp3
200,28807,C:/Users/fmlin/Desktop/ismir2018_tutorial-master/dataset/MagnaTagATune/audio/c/beatundercontrol-the_introduction-06-saturn_blues-204-233.mp3,6,Saturn Blues,Beatundercontrol,The Introduction,http://www.magnatune.com/artists/albums/beatunder-intro/,204,233,http://he3.magnatune.com/all/06-Saturn%20Blues-Beatundercontrol.mp3
209,7121,C:/Users/fmlin/Desktop/ismir2018_tutorial-master/dataset/MagnaTagATune/audio/8/beth_quist-lucidity-02-eli-0-29.mp3,2,Eli,Beth Quist,Lucidity,http://www.magnatune.com/artists/albums/quist-lucidity/,0,29,http://he3.magnatune.com/all/02-Eli-Beth%20Quist.mp3
245,34193,C:/Users/fmlin/Desktop/ismir2018_tutorial-master/dataset/MagnaTagATune/audio/a/bjorn_fogelberg-karooshi_porn-07-wave-204-233.mp3,7,Wave,Bjorn Fogelberg,Karooshi Porn,http://www.magnatune.com/artists/albums/fogelberg-karooshi/,204,233,http://he3.magnatune.com/all/07-Wave-Bjorn%20Fogelberg.mp3
262,177,C:/Users/fmlin/Desktop/ismir2018_tutorial-master/dataset/MagnaTagATune/audio/e/burning_babylon-stereo_mash_up-01-7_nine_skank-59-88.mp3,1,7 Nine Skank,Burning Babylon,Stereo Mash Up,http://www.magnatune.com/artists/albums/babylon-stereo/,59,88,http://he3.magnatune.com/all/01-7%20Nine%20Skank-Burning%20Babylon.mp3
268,35706,C:/Users/fmlin/Desktop/ismir2018_tutorial-master/dataset/MagnaTagATune/audio/e/burning_babylon-stereo_mash_up-08-heavy_dread-30-59.mp3,8,Heavy Dread,Burning Babylon,Stereo Mash Up,http://www.magnatune.com/artists/albums/babylon-stereo/,30,59,http://he3.magnatune.com/all/08-Heavy%20Dread%20-Burning%20Babylon.mp3
314,5805,C:/Users/fmlin/Desktop/ismir2018_tutorial-master/dataset/MagnaTagATune/audio/3/c__layne-potemkin_villages-01-you_are_the_reason-146-175.mp3,1,You are the reason,C. Layne,Potemkin Villages,http://www.magnatune.com/artists/albums/clayne-potemkin/,146,175,http://he3.magnatune.com/all/01-You%20are%20the%20reason-C.%20Layne.mp3
319,29666,C:/Users/fmlin/Desktop/ismir2018_tutorial-master/dataset/MagnaTagATune/audio/3/c__layne-potemkin_villages-06-thinking_of_you-30-59.mp3,6,Thinking of you,C. Layne,Potemkin Villages,http://www.magnatune.com/artists/albums/clayne-potemkin/,30,59,http://he3.magnatune.com/all/06-Thinking%20of%20you-C.%20Layne.mp3
320,33603,C:/Users/fmlin/Desktop/ismir2018_tutorial-master/dataset/MagnaTagATune/audio/3/c__layne-potemkin_villages-07-talk_slow-0-29.mp3,7,Talk slow,C. Layne,Potemkin Villages,http://www.magnatune.com/artists/albums/clayne-potemkin/,0,29,http://he3.magnatune.com/all/07-Talk%20slow-C.%20Layne.mp3
322,40068,C:/Users/fmlin/Desktop/ismir2018_tutorial-master/dataset/MagnaTagATune/audio/3/c__layne-potemkin_villages-09-michael-88-117.mp3,9,Michael,C. Layne,Potemkin Villages,http://www.magnatune.com/artists/albums/clayne-potemkin/,88,117,http://he3.magnatune.com/all/09-Michael-C.%20Layne.mp3
330,14909,C:/Users/fmlin/Desktop/ismir2018_tutorial-master/dataset/MagnaTagATune/audio/e/c_layne-the_sun_will_come_out_to_blind_you-03-shes_on_my_mind-0-29.mp3,3,She's On My Mind,C Layne,The Sun Will Come Out to Blind You,http://www.magnatune.com/artists/albums/clayne-blind/,0,29,http://he3.magnatune.com/all/03-She's%20On%20My%20Mind-C%20Layne.mp3
331,18378,C:/Users/fmlin/Desktop/ismir2018_tutorial-master/dataset/MagnaTagATune/audio/e/c_layne-the_sun_will_come_out_to_blind_you-04-less_of_you_feat__revel_yth-117-146.mp3,4,Less Of You (feat. Revel Yth),C Layne,The Sun Will Come Out to Blind You,http://www.magnatune.com/artists/albums/clayne-blind/,117,146,http://he3.magnatune.com/all/04-Less%20Of%20You%20(feat.%20Revel%20Yth)-C%20Layne.mp3
346,34620,C:/Users/fmlin/Desktop/ismir2018_tutorial-master/dataset/MagnaTagATune/audio/b/cargo_cult-alchemy-08-ambriel-30-59.mp3,8,Ambriel,Cargo Cult,Alchemy,http://www.magnatune.com/artists/albums/cargo-alchemy/,30,59,http://he3.magnatune.com/all/08-Ambriel-Cargo%20Cult.mp3
351,50201,C:/Users/fmlin/Desktop/ismir2018_tutorial-master/dataset/MagnaTagATune/audio/b/cargo_cult-alchemy-13-matt-30-59.mp3,13,Matt,Cargo Cult,Alchemy,http://www.magnatune.com/artists/albums/cargo-alchemy/,30,59,http://he3.magnatune.com/all/13-Matt-Cargo%20Cult.mp3
369,37892,C:/Users/fmlin/Desktop/ismir2018_tutorial-master/dataset/MagnaTagATune/audio/9/cheryl_ann_fulton-the_airs_of_wales-08-the_minstrelsey_of_chirk_castle-30-59.mp3,8,The Minstrelsey of Chirk Castle,Cheryl Ann Fulton,The Airs of Wales,http://www.magnatune.com/artists/albums/fulton-airs/,30,59,http://he3.magnatune.com/all/08-The%20Minstrelsey%20of%20Chirk%20Castle-Cheryl%20Ann%20Fulton.mp3
377,6033,C:/Users/fmlin/Desktop/ismir2018_tutorial-master/dataset/MagnaTagATune/audio/0/chris_harvey-the_white_sail-02-allegiance-117-146.mp3,2,Allegiance,Chris Harvey,The White Sail,http://www.magnatune.com/artists/albums/harvey-wsail/,117,146,http://he3.magnatune.com/all/02-Allegiance-Chris%20Harvey.mp3
379,19549,C:/Users/fmlin/Desktop/ismir2018_tutorial-master/dataset/MagnaTagATune/audio/0/chris_harvey-the_white_sail-04-secrets_from_the_screen-175-204.mp3,4,Secrets From The Screen,Chris Harvey,The White Sail,http://www.magnatune.com/artists/albums/harvey-wsail/,175,204,http://he3.magnatune.com/all/04-Secrets%20From%20The%20Screen-Chris%20Harvey.mp3
381,27766,C:/Users/fmlin/Desktop/ismir2018_tutorial-master/dataset/MagnaTagATune/audio/0/chris_harvey-the_white_sail-06-liber_null__part_2-30-59.mp3,6,Liber Null - Part 2,Chris Harvey,The White Sail,http://www.magnatune.com/artists/albums/harvey-wsail/,30,59,http://he3.magnatune.com/all/06-Liber%20Null%20-%20Part%202-Chris%20Harvey.mp3
384,40484,C:/Users/fmlin/Desktop/ismir2018_tutorial-master/dataset/MagnaTagATune/audio/0/chris_harvey-the_white_sail-09-pixelize-175-204.mp3,9,Pixelize,Chris Harvey,The White Sail,http://www.magnatune.com/artists/albums/harvey-wsail/,175,204,http://he3.magnatune.com/all/09-Pixelize-Chris%20Harvey.mp3
399,41281,C:/Users/fmlin/Desktop/ismir2018_tutorial-master/dataset/MagnaTagATune/audio/6/curandero-curandero-09-teddy_bear-59-88.mp3,9,Teddy Bear,Curandero,Curandero,http://www.magnatune.com/artists/albums/curandera-curandero/,59,88,http://he3.magnatune.com/all/09-Teddy%20Bear%20-%20Curandero.mp3
431,4788,C:/Users/fmlin/Desktop/ismir2018_tutorial-master/dataset/MagnaTagATune/audio/4/dac_crowell-spctr-01-spctr-2727-2756.mp3,1,SPCTR,DAC Crowell,SPCTR,http://www.magnatune.com/artists/albums/dac-spctr/,2727,2756,http://he3.magnatune.com/all/01-SPCTR-DAC%20Crowell.mp3
436,19119,C:/Users/fmlin/Desktop/ismir2018_tutorial-master/dataset/MagnaTagATune/audio/d/daniel_ben_pienaar-book_2_cd1_welltempered_clavier-04-prelude_and_fugue_no__2_in_c_minor_bwv_871_fuga-30-59.mp3,4,Prelude And Fugue No. 2 In C Minor BWV 871_ Fuga,Daniel Ben Pienaar,Book 2 CD1 Well-Tempered Clavier,http://www.magnatune.com/artists/albums/dbp-wtc2a/,30,59,http://he3.magnatune.com/all/04-Prelude%20And%20Fugue%20No.%202%20In%20C%20Minor%20BWV%20871_%20Fuga-Daniel%20Ben%20Pienaar.mp3
461,32816,C:/Users/fmlin/Desktop/ismir2018_tutorial-master/dataset/MagnaTagATune/audio/0/daniel_ben_pienaar-book_2_cd2_welltempered_clavier-07-prelude_and_fugue_no__16_in_g_minor_bwv_885_praeludium-146-175.mp3,7,Prelude And Fugue No. 16 In G Minor BWV 885_ Praeludium,Daniel Ben Pienaar,Book 2 CD2 Well-Tempered Clavier,http://www.magnatune.com/artists/albums/dbp-wtc2b/,146,175,http://he3.magnatune.com/all/07-Prelude%20And%20Fugue%20No.%2016%20In%20G%20Minor%20BWV%20885_%20Praeludium-Daniel%20Ben%20Pienaar.mp3
464,43748,C:/Users/fmlin/Desktop/ismir2018_tutorial-master/dataset/MagnaTagATune/audio/0/daniel_ben_pienaar-book_2_cd2_welltempered_clavier-10-prelude_and_fugue_no__17_in_aflat_major_bwv_886_fuga-0-29.mp3,10,Prelude And Fugue No. 17 In A-Flat Major BWV 886_ Fuga,Daniel Ben Pienaar,Book 2 CD2 Well-Tempered Clavier,http://www.magnatune.com/artists/albums/dbp-wtc2b/,0,29,http://he3.magnatune.com/all/10-Prelude%20And%20Fugue%20No.%2017%20In%20A-Flat%20Major%20BWV%20886_%20Fuga-Daniel%20Ben%20Pienaar.mp3
466,48653,C:/Users/fmlin/Desktop/ismir2018_tutorial-master/dataset/MagnaTagATune/audio/0/daniel_ben_pienaar-book_2_cd2_welltempered_clavier-12-prelude_and_fugue_no__18_in_gsharp_minor_bwv_887_fuga-117-146.mp3,12,Prelude And Fugue No. 18 In G-Sharp Minor BWV 887_ Fuga,Daniel Ben Pienaar,Book 2 CD2 Well-Tempered Clavier,http://www.magnatune.com/artists/albums/dbp-wtc2b/,117,146,http://he3.magnatune.com/all/12-Prelude%20And%20Fugue%20No.%2018%20In%20G-Sharp%20Minor%20BWV%20887_%20Fuga-Daniel%20Ben%20Pienaar.mp3
471,54625,C:/Users/fmlin/Desktop/ismir2018_tutorial-master/dataset/MagnaTagATune/audio/0/daniel_ben_pienaar-book_2_cd2_welltempered_clavier-17-prelude_and_fugue_no__21_in_bflat_major_bwv_890_praeludium-0-29.mp3,17,Prelude And Fugue No. 21 In B-Flat Major BWV 890_ Praeludium,Daniel Ben Pienaar,Book 2 CD2 Well-Tempered Clavier,http://www.magnatune.com/artists/albums/dbp-wtc2b/,0,29,http://he3.magnatune.com/all/17-Prelude%20And%20Fugue%20No.%2021%20In%20B-Flat%20Major%20BWV%20890_%20Praeludium-Daniel%20Ben%20Pienaar.mp3
497,35761,C:/Users/fmlin/Desktop/ismir2018_tutorial-master/dataset/MagnaTagATune/audio/4/dj_cary-downtempo_chill_2-08-huan_ying_mr_gelatine-262-291.mp3,8,Huan Ying (Mr Gelatine),DJ Cary,Downtempo Chill 2,http://www.magnatune.com/artists/albums/magnacomp-downchill2/,262,291,http://he3.magnatune.com/all/08-Huan%20Ying%20(Mr%20Gelatine)-DJ%20Cary.mp3
543,46832,C:/Users/fmlin/Desktop/ismir2018_tutorial-master/dataset/MagnaTagATune/audio/6/doc_rossi-demarzi6_sonatas_for_cetra_o_kitara-11-sonata_iii_largo-146-175.mp3,11,Sonata III Largo,Doc Rossi,Demarzi-6 Sonatas for Cetra o Kitara,http://www.magnatune.com/artists/albums/rossi-demarzi/,146,175,http://he3.magnatune.com/all/11-Sonata%20III%20Largo-Doc%20Rossi.mp3
555,57455,C:/Users/fmlin/Desktop/ismir2018_tutorial-master/dataset/MagnaTagATune/audio/6/doc_rossi-demarzi6_sonatas_for_cetra_o_kitara-23-sonata_vi_allegro-59-88.mp3,23,Sonata VI Allegro,Doc Rossi,Demarzi-6 Sonatas for Cetra o Kitara,http://www.magnatune.com/artists/albums/rossi-demarzi/,59,88,http://he3.magnatune.com/all/23-Sonata%20VI%20Allegro-Doc%20Rossi.mp3
556,57752,C:/Users/fmlin/Desktop/ismir2018_tutorial-master/dataset/MagnaTagATune/audio/6/doc_rossi-demarzi6_sonatas_for_cetra_o_kitara-24-sonata_vi_minuet-0-29.mp3,24,Sonata VI Minuet,Doc Rossi,Demarzi-6 Sonatas for Cetra o Kitara,http://www.magnatune.com/artists/albums/rossi-demarzi/,0,29,http://he3.magnatune.com/all/24-Sonata%20VI%20Minuet-Doc%20Rossi.mp3
561,18427,C:/Users/fmlin/Desktop/ismir2018_tutorial-master/dataset/MagnaTagATune/audio/9/domased-slowdown-04-long_journey-146-175.mp3,4,Long Journey,Domased,Slowdown,http://www.magnatune.com/artists/albums/domased-slowdown/,146,175,http://he3.magnatune.com/all/04-Long%20Journey-Domased.mp3
605,41906,C:/Users/fmlin/Desktop/ismir2018_tutorial-master/dataset/MagnaTagATune/audio/2/drop_trio-big_dipper-10-abbey_rhodes-59-88.mp3,10,Abbey Rhodes,Drop Trio,Big Dipper,http://www.magnatune.com/artists/albums/droptrio-bigdipper/,59,88,http://he3.magnatune.com/all/10-Abbey%20Rhodes-Drop%20Trio.mp3
625,35452,C:/Users/fmlin/Desktop/ismir2018_tutorial-master/dataset/MagnaTagATune/audio/6/ed_martin-luis_milan__el_maestro-08-fantasia_8-30-59.mp3,8,Fantasia 8,Ed Martin,Luis Milan - El Maestro,http://www.magnatune.com/artists/albums/martin-luismilan/,30,59,http://he3.magnatune.com/all/08-Fantasia%208-Ed%20Martin.mp3
639,42862,C:/Users/fmlin/Desktop/ismir2018_tutorial-master/dataset/MagnaTagATune/audio/c/edward_martin-art_of_the_lute_in_renaissance_france-10-guillarde_milanoise_morlaye-30-59.mp3,10,Guillarde milanoise (Morlaye),Edward Martin,Art of the Lute in Renaissance France,http://www.magnatune.com/artists/albums/martin-artfrance/,30,59,http://he3.magnatune.com/all/10-Guillarde%20milanoise%20(Morlaye)-Edward%20Martin.mp3
649,56935,C:/Users/fmlin/Desktop/ismir2018_tutorial-master/dataset/MagnaTagATune/audio/c/edward_martin-art_of_the_lute_in_renaissance_france-22-cest_une_departie_sermisy-0-29.mp3,22,C'est une departie (Sermisy),Edward Martin,Art of the Lute in Renaissance France,http://www.magnatune.com/artists/albums/martin-artfrance/,0,29,http://he3.magnatune.com/all/22-C'est%20une%20departie%20(Sermisy)-Edward%20Martin.mp3
664,15162,C:/Users/fmlin/Desktop/ismir2018_tutorial-master/dataset/MagnaTagATune/audio/5/edward_martin_and_paul_berget-baroque_lute_duets-03-sonata_in_c_major_weiss__largo-175-204.mp3,3,Sonata in C Major (Weiss) - Largo,Edward Martin and Paul Berget,Baroque Lute Duets,http://www.magnatune.com/artists/albums/martin-duets/,175,204,http://he3.magnatune.com/all/03-Sonata%20In%20C%20Major%20(Weiss)%20-%20Largo-Edward%20Martin%20and%20Paul%20Berget.mp3
685,50094,C:/Users/fmlin/Desktop/ismir2018_tutorial-master/dataset/MagnaTagATune/audio/b/ehren_starks-the_depths_of_a_year-13-in_love_and_miserable_at_300_am-262-291.mp3,13,In love and miserable at 3_00 AM,Ehren Starks,The Depths of a Year,http://www.magnatune.com/artists/albums/ehren-depths/,262,291,http://he3.magnatune.com/all/13-In%20love%20and%20miserable%20at%203_00%20AM-Ehren%20Starks.mp3
759,21585,C:/Users/fmlin/Desktop/ismir2018_tutorial-master/dataset/MagnaTagATune/audio/0/ensemble_vermillian-stolen_jewels-05-buxtehude_sonata_iv_op__i_lentovivace-0-29.mp3,5,Buxtehude Sonata IV Op. I Lento-Vivace,Ensemble Vermillian,Stolen Jewels,http://www.magnatune.com/artists/albums/vermillian-stolen/,0,29,http://he3.magnatune.com/all/05-Buxtehude%20Sonata%20IV%20Op.%20I%20Lento-Vivace-Ensemble%20Vermillian.mp3
810,26167,C:/Users/fmlin/Desktop/ismir2018_tutorial-master/dataset/MagnaTagATune/audio/a/falik-dreams_from_the_machine-06-black_llama-0-29.mp3,6,Black Llama,Falik,Dreams from the Machine,http://www.magnatune.com/artists/albums/falik-dreams/,0,29,http://he3.magnatune.com/all/06-Black%20Llama-Falik.mp3
839,2729,C:/Users/fmlin/Desktop/ismir2018_tutorial-master/dataset/MagnaTagATune/audio/b/falik-the_ballad_of_el_efe-01-may_day-88-117.mp3,1,May Day,Falik,The Ballad of El Efe,http://www.magnatune.com/artists/albums/falik-efe/,88,117,http://he3.magnatune.com/all/01-May%20Day-Falik.mp3
852,18372,C:/Users/fmlin/Desktop/ismir2018_tutorial-master/dataset/MagnaTagATune/audio/4/falling_you-touch-04-less_likely_to_believe-407-436.mp3,4,less likely to believe,Falling You,Touch,http://www.magnatune.com/artists/albums/fallingyou-touch/,407,436,http://he3.magnatune.com/all/04-less%20likely%20to%20believe-Falling%20You.mp3
853,25186,C:/Users/fmlin/Desktop/ismir2018_tutorial-master/dataset/MagnaTagATune/audio/4/falling_you-touch-05-the_sadness_of_the_witch-146-175.mp3,5,the sadness of the witch,Falling You,Touch,http://www.magnatune.com/artists/albums/fallingyou-touch/,146,175,http://he3.magnatune.com/all/05-the%20sadness%20of%20the%20witch-Falling%20You.mp3
863,23715,C:/Users/fmlin/Desktop/ismir2018_tutorial-master/dataset/MagnaTagATune/audio/6/farallon_recorder_quartet-ludwig_senfl-05-obo_so_geb_der_mann_ein_pfenning-59-88.mp3,5,Obo so geb' der Mann ein Pfenning,Farallon Recorder Quartet,Ludwig Senfl,http://www.magnatune.com/artists/albums/farallon-senfl/,59,88,http://he3.magnatune.com/all/05-Obo%20so%20geb'%20der%20Mann%20ein%20Pfenning-Farallon%20Recorder%20Quartet.mp3
868,49860,C:/Users/fmlin/Desktop/ismir2018_tutorial-master/dataset/MagnaTagATune/audio/6/farallon_recorder_quartet-ludwig_senfl-13-ecce_quam_bonum-204-233.mp3,13,Ecce quam bonum,Farallon Recorder Quartet,Ludwig Senfl,http://www.magnatune.com/artists/albums/farallon-senfl/,204,233,http://he3.magnatune.com/all/13-Ecce%20quam%20bonum-Farallon%20Recorder%20Quartet.mp3
869,52134,C:/Users/fmlin/Desktop/ismir2018_tutorial-master/dataset/MagnaTagATune/audio/6/farallon_recorder_quartet-ludwig_senfl-14-tandernaken-0-29.mp3,14,Tandernaken,Farallon Recorder Quartet,Ludwig Senfl,http://www.magnatune.com/artists/albums/farallon-senfl/,0,29,http://he3.magnatune.com/all/14-Tandernaken-Farallon%20Recorder%20Quartet.mp3
870,53371,C:/Users/fmlin/Desktop/ismir2018_tutorial-master/dataset/MagnaTagATune/audio/6/farallon_recorder_quartet-ludwig_senfl-15-unsaglich_schmerz-0-29.mp3,15,Unsaglich Schmerz,Farallon Recorder Quartet,Ludwig Senfl,http://www.magnatune.com/artists/albums/farallon-senfl/,0,29,http://he3.magnatune.com/all/15-Unsaglich%20Schmerz-Farallon%20Recorder%20Quartet.mp3
895,35327,C:/Users/fmlin/Desktop/ismir2018_tutorial-master/dataset/MagnaTagATune/audio/f/glen_bledsoe-octopants-08-ehaw-30-59.mp3,8,eHaw,Glen Bledsoe,Octopants,http://www.magnatune.com/artists/albums/bledsoe-octopants/,30,59,http://he3.magnatune.com/all/08-eHaw-Glen%20Bledsoe.mp3
896,40018,C:/Users/fmlin/Desktop/ismir2018_tutorial-master/dataset/MagnaTagATune/audio/f/glen_bledsoe-octopants-09-march_of_folly-175-204.mp3,9,March of Folly,Glen Bledsoe,Octopants,http://www.magnatune.com/artists/albums/bledsoe-octopants/,175,204,http://he3.magnatune.com/all/09-March%20of%20Folly-Glen%20Bledsoe.mp3
910,22877,C:/Users/fmlin/Desktop/ismir2018_tutorial-master/dataset/MagnaTagATune/audio/6/grayson_wray-picassos_dream-05-into_the_unknown-117-146.mp3,5,Into The Unknown,Grayson Wray,Picassos Dream,http://www.magnatune.com/artists/albums/wray-picassos/,117,146,http://he3.magnatune.com/all/05-Into%20The%20Unknown-Grayson%20Wray.mp3
939,32495,C:/Users/fmlin/Desktop/ismir2018_tutorial-master/dataset/MagnaTagATune/audio/6/hoxman-synthesis_of_five-07-no_name-88-117.mp3,7,No Name,Hoxman,Synthesis of Five,http://www.magnatune.com/artists/albums/hoxman-synthesis/,88,117,http://he3.magnatune.com/all/07-No%20Name-Hoxman.mp3
975,7324,C:/Users/fmlin/Desktop/ismir2018_tutorial-master/dataset/MagnaTagATune/audio/f/ivilion-sartinal-02-fetheskol-30-59.mp3,2,Fetheskol,Ivilion,Sartinal,http://www.magnatune.com/artists/albums/ivilion-sartinal/,30,59,http://he3.magnatune.com/all/02-Fetheskol-Ivilion.mp3
978,27343,C:/Users/fmlin/Desktop/ismir2018_tutorial-master/dataset/MagnaTagATune/audio/f/ivilion-sartinal-06-hshante-117-146.mp3,6,Hshante,Ivilion,Sartinal,http://www.magnatune.com/artists/albums/ivilion-sartinal/,117,146,http://he3.magnatune.com/all/06-Hshante-Ivilion.mp3
987,28749,C:/Users/fmlin/Desktop/ismir2018_tutorial-master/dataset/MagnaTagATune/audio/8/ivilion-terean-06-sancretal-59-88.mp3,6,Sancretal,Ivilion,Terean,http://www.magnatune.com/artists/albums/ivilion-terean/,59,88,http://he3.magnatune.com/all/06-Sancretal-Ivilion.mp3
1029,58778,C:/Users/fmlin/Desktop/ismir2018_tutorial-master/dataset/MagnaTagATune/audio/8/jacob_heringman-blame_not_my_lute-40-fortune-0-29.mp3,40,Fortune,Jacob Heringman,Blame Not My Lute,http://www.magnatune.com/artists/albums/heringman-blamenot/,0,29,http://he3.magnatune.com/all/40-Fortune-Jacob%20Heringman.mp3
1030,58791,C:/Users/fmlin/Desktop/ismir2018_tutorial-master/dataset/MagnaTagATune/audio/8/jacob_heringman-blame_not_my_lute-42-la_devota_del_cormio-0-29.mp3,42,La Devota del Cormio,Jacob Heringman,Blame Not My Lute,http://www.magnatune.com/artists/albums/heringman-blamenot/,0,29,http://he3.magnatune.com/all/42-La%20Devota%20del%20Cormio-Jacob%20Heringman.mp3
1031,58815,C:/Users/fmlin/Desktop/ismir2018_tutorial-master/dataset/MagnaTagATune/audio/8/jacob_heringman-blame_not_my_lute-45-tantarra_chomartello-0-29.mp3,45,Tantarra Chomartello,Jacob Heringman,Blame Not My Lute,http://www.magnatune.com/artists/albums/heringman-blamenot/,0,29,http://he3.magnatune.com/all/45-Tantarra%20Chomartello-Jacob%20Heringman.mp3
1032,58822,C:/Users/fmlin/Desktop/ismir2018_tutorial-master/dataset/MagnaTagATune/audio/8/jacob_heringman-blame_not_my_lute-46-pauls_galiarde-0-29.mp3,46,Pauls Galiarde,Jacob Heringman,Blame Not My Lute,http://www.magnatune.com/artists/albums/heringman-blamenot/,0,29,http://he3.magnatune.com/all/46-Pauls%20Galiarde-Jacob%20Heringman.mp3
1037,58890,C:/Users/fmlin/Desktop/ismir2018_tutorial-master/dataset/MagnaTagATune/audio/8/jacob_heringman-blame_not_my_lute-55-the_passemeze_pavin-30-59.mp3,55,The Passemeze Pavin,Jacob Heringman,Blame Not My Lute,http://www.magnatune.com/artists/albums/heringman-blamenot/,30,59,http://he3.magnatune.com/all/55-The%20Passemeze%20Pavin-Jacob%20Heringman.mp3
1038,58897,C:/Users/fmlin/Desktop/ismir2018_tutorial-master/dataset/MagnaTagATune/audio/8/jacob_heringman-blame_not_my_lute-56-la_bressanina-30-59.mp3,56,La Bressanina,Jacob Heringman,Blame Not My Lute,http://www.magnatune.com/artists/albums/heringman-blamenot/,30,59,http://he3.magnatune.com/all/56-La%20Bressanina-Jacob%20Heringman.mp3
1043,11748,C:/Users/fmlin/Desktop/ismir2018_tutorial-master/dataset/MagnaTagATune/audio/8/jacob_heringman-josquin_des_prez_lute_settings-03-bakfark__faulte_dargent-175-204.mp3,3,Bakfark _ Faulte d'argent,Jacob Heringman,Josquin des Prez Lute Settings,http://www.magnatune.com/artists/albums/heringman-josquin/,175,204,http://he3.magnatune.com/all/03-Bakfark%20_%20Faulte%20d'argent-Jacob%20Heringman.mp3
1046,26248,C:/Users/fmlin/Desktop/ismir2018_tutorial-master/dataset/MagnaTagATune/audio/8/jacob_heringman-josquin_des_prez_lute_settings-06-capirola__qui_tollis_peccata_mundi-88-117.mp3,6,Capirola _ Qui tollis peccata mundi,Jacob Heringman,Josquin des Prez Lute Settings,http://www.magnatune.com/artists/albums/heringman-josquin/,88,117,http://he3.magnatune.com/all/06-Capirola%20_%20Qui%20tollis%20peccata%20mundi-Jacob%20Heringman.mp3
1051,49781,C:/Users/fmlin/Desktop/ismir2018_tutorial-master/dataset/MagnaTagATune/audio/8/jacob_heringman-josquin_des_prez_lute_settings-13-de_fuenllana__christe-88-117.mp3,13,De Fuenllana _ Christe,Jacob Heringman,Josquin des Prez Lute Settings,http://www.magnatune.com/artists/albums/heringman-josquin/,88,117,http://he3.magnatune.com/all/13-De%20Fuenllana%20_%20Christe-Jacob%20Heringman.mp3
1052,51258,C:/Users/fmlin/Desktop/ismir2018_tutorial-master/dataset/MagnaTagATune/audio/8/jacob_heringman-josquin_des_prez_lute_settings-14-de_fuenllana__postrero_kyrie-30-59.mp3,14,De Fuenllana _ Postrero kyrie,Jacob Heringman,Josquin des Prez Lute Settings,http://www.magnatune.com/artists/albums/heringman-josquin/,30,59,http://he3.magnatune.com/all/14-De%20Fuenllana%20_%20Postrero%20kyrie-Jacob%20Heringman.mp3
1053,52579,C:/Users/fmlin/Desktop/ismir2018_tutorial-master/dataset/MagnaTagATune/audio/8/jacob_heringman-josquin_des_prez_lute_settings-15-de_navarez__mille_regretz-117-146.mp3,15,De Navarez _ Mille regretz,Jacob Heringman,Josquin des Prez Lute Settings,http://www.magnatune.com/artists/albums/heringman-josquin/,117,146,http://he3.magnatune.com/all/15-De%20Navarez%20_%20Mille%20regretz-Jacob%20Heringman.mp3
1057,55751,C:/Users/fmlin/Desktop/ismir2018_tutorial-master/dataset/MagnaTagATune/audio/8/jacob_heringman-josquin_des_prez_lute_settings-19-gintzler__pater_noster-146-175.mp3,19,Gintzler _ Pater noster,Jacob Heringman,Josquin des Prez Lute Settings,http://www.magnatune.com/artists/albums/heringman-josquin/,146,175,http://he3.magnatune.com/all/19-Gintzler%20_%20Pater%20noster-Jacob%20Heringman.mp3
1088,14689,C:/Users/fmlin/Desktop/ismir2018_tutorial-master/dataset/MagnaTagATune/audio/f/jacob_heringman_and_catherine_king-luis_milan_el_maestro-03-romance_triste_estava_muy_quexosa-204-233.mp3,3,Romance_ triste estava muy quexosa,Jacob Heringman and Catherine King,Luis Milan El Maestro,http://www.magnatune.com/artists/albums/heringman-luismilan/,204,233,http://he3.magnatune.com/all/03-Romance_%20triste%20estava%20muy%20quexosa-Jacob%20Heringman%20and%20Catherine%20King.mp3
1090,25302,C:/Users/fmlin/Desktop/ismir2018_tutorial-master/dataset/MagnaTagATune/audio/f/jacob_heringman_and_catherine_king-luis_milan_el_maestro-05-villancico_levayme_amor_daquesta_terra-0-29.mp3,5,Villancico_ levayme amor d'aquesta terra,Jacob Heringman and Catherine King,Luis Milan El Maestro,http://www.magnatune.com/artists/albums/heringman-luismilan/,0,29,http://he3.magnatune.com/all/05-Villancico_%20levayme%20amor%20d'aquesta%20terra-Jacob%20Heringman%20and%20Catherine%20King.mp3
1091,27081,C:/Users/fmlin/Desktop/ismir2018_tutorial-master/dataset/MagnaTagATune/audio/f/jacob_heringman_and_catherine_king-luis_milan_el_maestro-06-fantasia_6-59-88.mp3,6,Fantasia 6,Jacob Heringman and Catherine King,Luis Milan El Maestro,http://www.magnatune.com/artists/albums/heringman-luismilan/,59,88,http://he3.magnatune.com/all/06-Fantasia%206-Jacob%20Heringman%20and%20Catherine%20King.mp3
1093,35449,C:/Users/fmlin/Desktop/ismir2018_tutorial-master/dataset/MagnaTagATune/audio/f/jacob_heringman_and_catherine_king-luis_milan_el_maestro-08-fantasia_25-204-233.mp3,8,Fantasia 25,Jacob Heringman and Catherine King,Luis Milan El Maestro,http://www.magnatune.com/artists/albums/heringman-luismilan/,204,233,http://he3.magnatune.com/all/08-Fantasia%2025-Jacob%20Heringman%20and%20Catherine%20King.mp3
1097,49888,C:/Users/fmlin/Desktop/ismir2018_tutorial-master/dataset/MagnaTagATune/audio/f/jacob_heringman_and_catherine_king-luis_milan_el_maestro-13-fantasia_12-117-146.mp3,13,Fantasia 12,Jacob Heringman and Catherine King,Luis Milan El Maestro,http://www.magnatune.com/artists/albums/heringman-luismilan/,117,146,http://he3.magnatune.com/all/13-Fantasia%2012-Jacob%20Heringman%20and%20Catherine%20King.mp3
1130,42561,C:/Users/fmlin/Desktop/ismir2018_tutorial-master/dataset/MagnaTagATune/audio/e/jade_leary-fossildawn-10-eventually-59-88.mp3,10,Eventually,Jade Leary,Fossildawn,http://www.magnatune.com/artists/albums/jade-fossildawn/,59,88,http://he3.magnatune.com/all/10-Eventually-Jade%20Leary.mp3
1230,31869,C:/Users/fmlin/Desktop/ismir2018_tutorial-master/dataset/MagnaTagATune/audio/4/jami_sieber-hidden_sky-07-in_the_silence-59-88.mp3,7,In the Silence,Jami Sieber,Hidden Sky,http://www.magnatune.com/artists/albums/sieber-hidden/,59,88,http://he3.magnatune.com/all/07-In%20the%20Silence-Jami%20Sieber.mp3
1234,45114,C:/Users/fmlin/Desktop/ismir2018_tutorial-master/dataset/MagnaTagATune/audio/4/jami_sieber-hidden_sky-11-arms_of_the_mother-117-146.mp3,11,Arms of the Mother,Jami Sieber,Hidden Sky,http://www.magnatune.com/artists/albums/sieber-hidden/,117,146,http://he3.magnatune.com/all/11-Arms%20of%20the%20Mother-Jami%20Sieber.mp3
1235,48640,C:/Users/fmlin/Desktop/ismir2018_tutorial-master/dataset/MagnaTagATune/audio/4/jami_sieber-hidden_sky-12-prayer_2-117-146.mp3,12,Prayer 2,Jami Sieber,Hidden Sky,http://www.magnatune.com/artists/albums/sieber-hidden/,117,146,http://he3.magnatune.com/all/12-Prayer%202-Jami%20Sieber.mp3
1236,5045,C:/Users/fmlin/Desktop/ismir2018_tutorial-master/dataset/MagnaTagATune/audio/2/jami_sieber-lush_mechanique-01-surrender-88-117.mp3,1,Surrender,Jami Sieber,Lush Mechanique,http://www.magnatune.com/artists/albums/sieber-lush/,88,117,http://he3.magnatune.com/all/01-Surrender-Jami%20Sieber.mp3
1238,11439,C:/Users/fmlin/Desktop/ismir2018_tutorial-master/dataset/MagnaTagATune/audio/2/jami_sieber-lush_mechanique-03-all_she_can_carry-204-233.mp3,3,All She Can Carry,Jami Sieber,Lush Mechanique,http://www.magnatune.com/artists/albums/sieber-lush/,204,233,http://he3.magnatune.com/all/03-All%20She%20Can%20Carry-Jami%20Sieber.mp3
1243,37814,C:/Users/fmlin/Desktop/ismir2018_tutorial-master/dataset/MagnaTagATune/audio/2/jami_sieber-lush_mechanique-08-the_darkening_ground-117-146.mp3,8,The Darkening Ground,Jami Sieber,Lush Mechanique,http://www.magnatune.com/artists/albums/sieber-lush/,117,146,http://he3.magnatune.com/all/08-The%20Darkening%20Ground-Jami%20Sieber.mp3
1247,12425,C:/Users/fmlin/Desktop/ismir2018_tutorial-master/dataset/MagnaTagATune/audio/4/jami_sieber-second_sight-03-dancing_backwards-0-29.mp3,3,Dancing Backwards,Jami Sieber,Second Sight,http://www.magnatune.com/artists/albums/sieber-second/,0,29,http://he3.magnatune.com/all/03-Dancing%20Backwards-Jami%20Sieber.mp3
1276,3426,C:/Users/fmlin/Desktop/ismir2018_tutorial-master/dataset/MagnaTagATune/audio/3/jan_hanford-24_preludes_for_solo_piano-01-prelude_no__1_in_f_minor-30-59.mp3,1,Prelude No. 1 in F Minor,Jan Hanford,24 Preludes for Solo Piano,http://www.magnatune.com/artists/albums/hanford-24preludes/,30,59,http://he3.magnatune.com/all/01-Prelude%20No.%201%20in%20F%20Minor-Jan%20Hanford.mp3
1300,14133,C:/Users/fmlin/Desktop/ismir2018_tutorial-master/dataset/MagnaTagATune/audio/a/janine_johnson-chopin_recital-03-nocturne_op_72_no_1_posthumous_in_e_minor-88-117.mp3,3,Nocturne Op.72 no.1 (posthumous) in e minor,Janine Johnson,Chopin Recital,http://www.magnatune.com/artists/albums/jjohnson-chopin/,88,117,http://he3.magnatune.com/all/03-Nocturne%20Op.72%20no.1%20(posthumous)%20in%20e%20minor-Janine%20Johnson.mp3
1303,28508,C:/Users/fmlin/Desktop/ismir2018_tutorial-master/dataset/MagnaTagATune/audio/a/janine_johnson-chopin_recital-06-prelude_op_28_no_15_in_db_major-117-146.mp3,6,Prelude Op.28 No.15 in Db major,Janine Johnson,Chopin Recital,http://www.magnatune.com/artists/albums/jjohnson-chopin/,117,146,http://he3.magnatune.com/all/06-Prelude%20Op.28%20No.15%20in%20Db%20major-Janine%20Johnson.mp3
1305,36896,C:/Users/fmlin/Desktop/ismir2018_tutorial-master/dataset/MagnaTagATune/audio/a/janine_johnson-chopin_recital-08-polonaise_op_44_in_f_minor-320-349.mp3,8,Polonaise Op.44 in f minor,Janine Johnson,Chopin Recital,http://www.magnatune.com/artists/albums/jjohnson-chopin/,320,349,http://he3.magnatune.com/all/08-Polonaise%20Op.44%20in%20f%20minor-Janine%20Johnson.mp3
1307,43422,C:/Users/fmlin/Desktop/ismir2018_tutorial-master/dataset/MagnaTagATune/audio/a/janine_johnson-chopin_recital-10-nocturne_op_32_no_2_in_ab_major-262-291.mp3,10,Nocturne Op.32 No.2 in Ab major,Janine Johnson,Chopin Recital,http://www.magnatune.com/artists/albums/jjohnson-chopin/,262,291,http://he3.magnatune.com/all/10-Nocturne%20Op.32%20No.2%20in%20Ab%20major-Janine%20Johnson.mp3
1384,49805,C:/Users/fmlin/Desktop/ismir2018_tutorial-master/dataset/MagnaTagATune/audio/d/jeff_wahl-guitarscapes-13-discovery-88-117.mp3,13,Discovery,Jeff Wahl,Guitarscapes,http://www.magnatune.com/artists/albums/wahl-guitarscapes/,88,117,http://he3.magnatune.com/all/13-Discovery-Jeff%20Wahl.mp3
1388,56073,C:/Users/fmlin/Desktop/ismir2018_tutorial-master/dataset/MagnaTagATune/audio/d/jeff_wahl-guitarscapes-19-train-30-59.mp3,19,Train,Jeff Wahl,Guitarscapes,http://www.magnatune.com/artists/albums/wahl-guitarscapes/,30,59,http://he3.magnatune.com/all/19-Train-Jeff%20Wahl.mp3
1401,42049,C:/Users/fmlin/Desktop/ismir2018_tutorial-master/dataset/MagnaTagATune/audio/0/jeffrey_luck_lucas-what_we_whisper-10-angels_take_me-204-233.mp3,10,Angels Take Me,Jeffrey Luck Lucas,What We Whisper,http://www.magnatune.com/artists/albums/lucas-whisper/,204,233,http://he3.magnatune.com/all/10-Angels%20Take%20Me-Jeffrey%20Luck%20Lucas.mp3
1404,18652,C:/Users/fmlin/Desktop/ismir2018_tutorial-master/dataset/MagnaTagATune/audio/6/jeni_melia-the_lost_art_of_wooing-04-mrs_nichols_almain_john_dowland-0-29.mp3,4,Mrs Nichols almain (John Dowland),Jeni Melia,The Lost Art of Wooing,http://www.magnatune.com/artists/albums/melia-wooing/,0,29,http://he3.magnatune.com/all/04-Mrs%20Nichols%20almain%20(John%20Dowland)-Jeni%20Melia.mp3
1405,25145,C:/Users/fmlin/Desktop/ismir2018_tutorial-master/dataset/MagnaTagATune/audio/6/jeni_melia-the_lost_art_of_wooing-05-the_dark_is_my_delight_anon-0-29.mp3,5,The dark is my delight (Anon),Jeni Melia,The Lost Art of Wooing,http://www.magnatune.com/artists/albums/melia-wooing/,0,29,http://he3.magnatune.com/all/05-The%20dark%20is%20my%20delight%20(Anon)-Jeni%20Melia.mp3
1420,56455,C:/Users/fmlin/Desktop/ismir2018_tutorial-master/dataset/MagnaTagATune/audio/6/jeni_melia-the_lost_art_of_wooing-20-the_countess_of_pembrokes_paradise_anthony_holborne-30-59.mp3,20,The Countess of Pembroke's Paradise (Anthony Holborne),Jeni Melia,The Lost Art of Wooing,http://www.magnatune.com/artists/albums/melia-wooing/,30,59,http://he3.magnatune.com/all/20-The%20Countess%20of%20Pembroke's%20Paradise%20(Anthony%20Holborne)-Jeni%20Melia.mp3
1422,57033,C:/Users/fmlin/Desktop/ismir2018_tutorial-master/dataset/MagnaTagATune/audio/6/jeni_melia-the_lost_art_of_wooing-22-mad_bess_henry_purcell-59-88.mp3,22,Mad Bess (Henry Purcell),Jeni Melia,The Lost Art of Wooing,http://www.magnatune.com/artists/albums/melia-wooing/,59,88,http://he3.magnatune.com/all/22-Mad%20Bess%20(Henry%20Purcell)-Jeni%20Melia.mp3
1437,52736,C:/Users/fmlin/Desktop/ismir2018_tutorial-master/dataset/MagnaTagATune/audio/5/john_fleagle-worlds_bliss__medieval_songs_of_love_and_death-15-i_have_a_yong_suster-88-117.mp3,15,I Have a Yong Suster,John Fleagle,Worlds Bliss - Medieval Songs of Love and Death,http://www.magnatune.com/artists/albums/fleagle-bliss/,88,117,http://he3.magnatune.com/all/15-I%20Have%20a%20Yong%20Suster-John%20Fleagle.mp3
1443,30034,C:/Users/fmlin/Desktop/ismir2018_tutorial-master/dataset/MagnaTagATune/audio/e/john_jackson-bad_things_happen_all_the_time-06-you_should_be_with_the_woolwich-0-29.mp3,6,You Should Be With The Woolwich,John Jackson,Bad Things Happen All The Time,http://www.magnatune.com/artists/albums/jjackson-badthings/,0,29,http://he3.magnatune.com/all/06-You%20Should%20Be%20With%20The%20Woolwich-John%20Jackson.mp3
1446,41064,C:/Users/fmlin/Desktop/ismir2018_tutorial-master/dataset/MagnaTagATune/audio/e/john_jackson-bad_things_happen_all_the_time-09-spanish_lullabies-175-204.mp3,9,Spanish Lullabies,John Jackson,Bad Things Happen All The Time,http://www.magnatune.com/artists/albums/jjackson-badthings/,175,204,http://he3.magnatune.com/all/09-Spanish%20Lullabies-John%20Jackson.mp3
1463,54355,C:/Users/fmlin/Desktop/ismir2018_tutorial-master/dataset/MagnaTagATune/audio/6/john_williams-dusty_porch-17-dog_leg-88-117.mp3,17,Dog Leg,John Williams,Dusty Porch,http://www.magnatune.com/artists/albums/williams-dusty/,88,117,http://he3.magnatune.com/all/17-Dog%20Leg-John%20Williams.mp3
1468,24237,C:/Users/fmlin/Desktop/ismir2018_tutorial-master/dataset/MagnaTagATune/audio/e/joram-moments_of_clarity-05-rumors_of_a_strange_planet-59-88.mp3,5,rumors of a strange planet,Joram,Moments of Clarity,http://www.magnatune.com/artists/albums/joram-moments/,59,88,http://he3.magnatune.com/all/05-rumors%20of%20a%20strange%20planet-Joram.mp3
1484,48821,C:/Users/fmlin/Desktop/ismir2018_tutorial-master/dataset/MagnaTagATune/audio/6/justin_bianco-finality-12-scattered-59-88.mp3,12,Scattered,Justin Bianco,Finality,http://www.magnatune.com/artists/albums/bianco-finality/,59,88,http://he3.magnatune.com/all/12-Scattered-Justin%20Bianco.mp3
1493,1655,C:/Users/fmlin/Desktop/ismir2018_tutorial-master/dataset/MagnaTagATune/audio/e/justin_bianco-forge-01-fog-146-175.mp3,1,Fog,Justin Bianco,Forge,http://www.magnatune.com/artists/albums/bianco-forge/,146,175,http://he3.magnatune.com/all/01-Fog-Justin%20Bianco.mp3
1497,25274,C:/Users/fmlin/Desktop/ismir2018_tutorial-master/dataset/MagnaTagATune/audio/e/justin_bianco-forge-05-upon_the_shore-0-29.mp3,5,Upon The Shore,Justin Bianco,Forge,http://www.magnatune.com/artists/albums/bianco-forge/,0,29,http://he3.magnatune.com/all/05-Upon%20The%20Shore-Justin%20Bianco.mp3
1499,33230,C:/Users/fmlin/Desktop/ismir2018_tutorial-master/dataset/MagnaTagATune/audio/e/justin_bianco-forge-07-smoke-117-146.mp3,7,Smoke,Justin Bianco,Forge,http://www.magnatune.com/artists/albums/bianco-forge/,117,146,http://he3.magnatune.com/all/07-Smoke-Justin%20Bianco.mp3
1500,35715,C:/Users/fmlin/Desktop/ismir2018_tutorial-master/dataset/MagnaTagATune/audio/e/justin_bianco-forge-08-hera-117-146.mp3,8,Hera,Justin Bianco,Forge,http://www.magnatune.com/artists/albums/bianco-forge/,117,146,http://he3.magnatune.com/all/08-Hera-Justin%20Bianco.mp3
1506,51434,C:/Users/fmlin/Desktop/ismir2018_tutorial-master/dataset/MagnaTagATune/audio/e/justin_bianco-forge-14-gaia-59-88.mp3,14,Gaia,Justin Bianco,Forge,http://www.magnatune.com/artists/albums/bianco-forge/,59,88,http://he3.magnatune.com/all/14-Gaia-Justin%20Bianco.mp3
1514,38008,C:/Users/fmlin/Desktop/ismir2018_tutorial-master/dataset/MagnaTagATune/audio/8/justin_bianco-phoenix-08-tori_no_sorane_wa-59-88.mp3,8,Tori No Sorane Wa,Justin Bianco,Phoenix_,http://www.magnatune.com/artists/albums/bianco-phoenix/,59,88,http://he3.magnatune.com/all/08-Tori%20No%20Sorane%20Wa-Justin%20Bianco.mp3
1515,39670,C:/Users/fmlin/Desktop/ismir2018_tutorial-master/dataset/MagnaTagATune/audio/8/justin_bianco-phoenix-09-invu-0-29.mp3,9,INVU,Justin Bianco,Phoenix_,http://www.magnatune.com/artists/albums/bianco-phoenix/,0,29,http://he3.magnatune.com/all/09-INVU-Justin%20Bianco.mp3
1519,50926,C:/Users/fmlin/Desktop/ismir2018_tutorial-master/dataset/MagnaTagATune/audio/8/justin_bianco-phoenix-13-the_sword_of_truth-88-117.mp3,13,The Sword of Truth,Justin Bianco,Phoenix_,http://www.magnatune.com/artists/albums/bianco-phoenix/,88,117,http://he3.magnatune.com/all/13-The%20Sword%20of%20Truth-Justin%20Bianco.mp3
1524,10655,C:/Users/fmlin/Desktop/ismir2018_tutorial-master/dataset/MagnaTagATune/audio/4/justin_bianco-siren-02-token-59-88.mp3,2,Token,Justin Bianco,Siren,http://www.magnatune.com/artists/albums/bianco-siren/,59,88,http://he3.magnatune.com/all/02-Token-Justin%20Bianco.mp3
1529,32451,C:/Users/fmlin/Desktop/ismir2018_tutorial-master/dataset/MagnaTagATune/audio/4/justin_bianco-siren-07-never_a_light-0-29.mp3,7,Never A Light,Justin Bianco,Siren,http://www.magnatune.com/artists/albums/bianco-siren/,0,29,http://he3.magnatune.com/all/07-Never%20A%20Light-Justin%20Bianco.mp3
1576,22934,C:/Users/fmlin/Desktop/ismir2018_tutorial-master/dataset/MagnaTagATune/audio/8/kenji_williams-worldspirit_soundtrack-05-journey-59-88.mp3,5,Journey,Kenji Williams,Worldspirit Soundtrack,http://www.magnatune.com/artists/albums/kenji-worldspirit/,59,88,http://he3.magnatune.com/all/05-Journey-Kenji%20Williams.mp3
1580,1809,C:/Users/fmlin/Desktop/ismir2018_tutorial-master/dataset/MagnaTagATune/audio/9/kiev_seminary_choir-hymns_of_the_allnight_vigil-01-good_news_to_vsenoschnaya-30-59.mp3,1,Good news to Vsenoschnaya,Kiev Seminary Choir,Hymns of the All-Night Vigil,http://www.magnatune.com/artists/albums/kyivseminary-hymns/,30,59,http://he3.magnatune.com/all/01-Good%20news%20to%20Vsenoschnaya-Kiev%20Seminary%20Choir.mp3
1620,57988,C:/Users/fmlin/Desktop/ismir2018_tutorial-master/dataset/MagnaTagATune/audio/3/kiev_theological_academy_and_seminary_choir-traditional_worship_singing_of_kievpechersk_lavra-25-the_body_of_christ-30-59.mp3,25,The Body of Christ,Kiev Theological Academy and Seminary Choir,Traditional worship singing of Kiev-Pechersk Lavra,http://www.magnatune.com/artists/albums/kyrivseminary-lavra/,30,59,http://he3.magnatune.com/all/25-The%20Body%20of%20Christ-Kiev%20Theological%20Academy%20and%20Seminary%20Choir.mp3
1623,8267,C:/Users/fmlin/Desktop/ismir2018_tutorial-master/dataset/MagnaTagATune/audio/a/kitka-nectar-02-malo_selo_bulgaria-0-29.mp3,2,Malo Selo (Bulgaria),Kitka,Nectar,http://www.magnatune.com/artists/albums/kitka-nectar/,0,29,http://he3.magnatune.com/all/02-Malo%20Selo%20(Bulgaria)-Kitka.mp3
1668,52867,C:/Users/fmlin/Desktop/ismir2018_tutorial-master/dataset/MagnaTagATune/audio/d/kitka-wintersongs-15-ma_navu_israel-88-117.mp3,15,Ma Navu (Israel),Kitka,Wintersongs,http://www.magnatune.com/artists/albums/kitka-wintersongs/,88,117,http://he3.magnatune.com/all/15-Ma%20Navu%20(Israel)-Kitka.mp3
1683,9166,C:/Users/fmlin/Desktop/ismir2018_tutorial-master/dataset/MagnaTagATune/audio/d/kyiv_chamber_choir-praise_the_lord-02-rachmaninovbless_the_lord_o_my_soul-233-262.mp3,2,Rachmaninov-Bless the Lord O My Soul,Kyiv Chamber Choir,Praise the Lord,http://www.magnatune.com/artists/albums/kyivchamber-praiselord/,233,262,http://he3.magnatune.com/all/02-Rachmaninov-Bless%20the%20Lord%20O%20My%20Soul-Kyiv%20Chamber%20Choir.mp3
1684,14562,C:/Users/fmlin/Desktop/ismir2018_tutorial-master/dataset/MagnaTagATune/audio/d/kyiv_chamber_choir-praise_the_lord-03-rachmaninovto_thee_we_sing-30-59.mp3,3,Rachmaninov-To Thee We Sing,Kyiv Chamber Choir,Praise the Lord,http://www.magnatune.com/artists/albums/kyivchamber-praiselord/,30,59,http://he3.magnatune.com/all/03-Rachmaninov-To%20Thee%20We%20Sing-Kyiv%20Chamber%20Choir.mp3
1713,53777,C:/Users/fmlin/Desktop/ismir2018_tutorial-master/dataset/MagnaTagATune/audio/b/la_primavera-english_renaissance_music-16-martin_said_to_his_man_anon-0-29.mp3,16,Martin said to his man (Anon),La Primavera,English Renaissance Music,http://www.magnatune.com/artists/albums/primavera-english/,0,29,http://he3.magnatune.com/all/16-Martin%20said%20to%20his%20man%20(Anon)-La%20Primavera.mp3
1733,15548,C:/Users/fmlin/Desktop/ismir2018_tutorial-master/dataset/MagnaTagATune/audio/a/liquid_zen-magic_midsummer-03-television-59-88.mp3,3,Television,Liquid Zen,Magic Midsummer,http://www.magnatune.com/artists/albums/liquid-magic/,59,88,http://he3.magnatune.com/all/03-Television%20-%20Liquid%20Zen.mp3
1744,8697,C:/Users/fmlin/Desktop/ismir2018_tutorial-master/dataset/MagnaTagATune/audio/c/liquid_zen-oscilloscope-02-orion_above-88-117.mp3,2,Orion Above,Liquid Zen,Oscilloscope,http://www.magnatune.com/artists/albums/liquid-oscillo/,88,117,http://he3.magnatune.com/all/02-Orion%20Above-Liquid%20Zen.mp3
1781,58801,C:/Users/fmlin/Desktop/ismir2018_tutorial-master/dataset/MagnaTagATune/audio/f/magnaloops-electronica_loops_1-43-osxivilion554-0-29.mp3,43,OS-x-ivilion-554,MagnaLoops,Electronica Loops 1,http://www.magnatune.com/artists/albums/magnaloops-electronica1/,0,29,http://he3.magnatune.com/all/43-OS-x-ivilion-554-MagnaLoops.mp3
1838,53589,C:/Users/fmlin/Desktop/ismir2018_tutorial-master/dataset/MagnaTagATune/audio/d/magnatune_compilation-new_age_and_jazz-16-chris_juergenson_prospects-117-146.mp3,16,Chris Juergenson_ Prospects,Magnatune Compilation,New Age and Jazz,http://www.magnatune.com/artists/albums/magnacomp-newage/,117,146,http://he3.magnatune.com/all/16-Chris%20Juergenson_%20Prospects-Magnatune%20Compilation.mp3
1898,30215,C:/Users/fmlin/Desktop/ismir2018_tutorial-master/dataset/MagnaTagATune/audio/6/mercy_machine-in_your_bed-07-a_prayer-0-29.mp3,7,A Prayer,Mercy Machine,In Your Bed,http://www.magnatune.com/artists/albums/mercy-inbed/,0,29,http://he3.magnatune.com/all/07-A%20Prayer-Mercy%20Machine.mp3
1910,42982,C:/Users/fmlin/Desktop/ismir2018_tutorial-master/dataset/MagnaTagATune/audio/8/mercy_machine-in_your_bed__the_remixes-10-in_your_bed_under_the_covers_mix-233-262.mp3,10,In Your Bed (Under the Covers Mix),Mercy Machine,In Your Bed - the remixes,http://www.magnatune.com/artists/albums/mercy-inbedremix/,233,262,http://he3.magnatune.com/all/10-In%20Your%20Bed%20(Under%20the%20Covers%20Mix)-Mercy%20Machine.mp3
1923,47166,C:/Users/fmlin/Desktop/ismir2018_tutorial-master/dataset/MagnaTagATune/audio/8/mercy_machine-mercy_machine-11-the_last_vision_on_dahlia_street-0-29.mp3,11,The Last Vision on Dahlia Street,Mercy Machine,Mercy Machine,http://www.magnatune.com/artists/albums/mercy-mercy/,0,29,http://he3.magnatune.com/all/11-The%20Last%20Vision%20on%20Dahlia%20Street-Mercy%20Machine.mp3
1925,50209,C:/Users/fmlin/Desktop/ismir2018_tutorial-master/dataset/MagnaTagATune/audio/8/mercy_machine-mercy_machine-13-measure_of_beauty-0-29.mp3,13,Measure of Beauty,Mercy Machine,Mercy Machine,http://www.magnatune.com/artists/albums/mercy-mercy/,0,29,http://he3.magnatune.com/all/13-Measure%20of%20Beauty-Mercy%20Machine.mp3
1927,170,C:/Users/fmlin/Desktop/ismir2018_tutorial-master/dataset/MagnaTagATune/audio/6/mercy_machine-the_devil_i_know-01-30_years-262-291.mp3,1,30 Years,Mercy Machine,The Devil I Know,http://www.magnatune.com/artists/albums/mercy-devil/,262,291,http://he3.magnatune.com/all/01-30%20Years-Mercy%20Machine.mp3
1953,36933,C:/Users/fmlin/Desktop/ismir2018_tutorial-master/dataset/MagnaTagATune/audio/e/mountain_mirrors-mountain_mirrors-08-praying_mantis-175-204.mp3,8,Praying Mantis,Mountain Mirrors,Mountain Mirrors,http://www.magnatune.com/artists/albums/mountain-mountain/,175,204,http://he3.magnatune.com/all/08-Praying%20Mantis-Mountain%20Mirrors.mp3
2060,14868,C:/Users/fmlin/Desktop/ismir2018_tutorial-master/dataset/MagnaTagATune/audio/b/oberlin_consort_of_viols-5_and_6_part_fantasies_of_william_lawes-03-set_a_5_in_f_major-494-523.mp3,3,Set a 5 in F Major,Oberlin Consort of Viols,5 and 6 part Fantasies of William Lawes,http://www.magnatune.com/artists/albums/oberlin-lawes/,494,523,http://he3.magnatune.com/all/03-Set%20a%205%20in%20F%20Major-Oberlin%20Consort%20of%20Viols.mp3
2066,15619,C:/Users/fmlin/Desktop/ismir2018_tutorial-master/dataset/MagnaTagATune/audio/5/paul_avgerinos-muse_of_the_round_sky-03-the_lotus_eaters-204-233.mp3,3,The Lotus Eaters,Paul Avgerinos,Muse of the Round Sky,http://www.magnatune.com/artists/albums/avgerinos-muse/,204,233,http://he3.magnatune.com/all/03-The%20Lotus%20Eaters-Paul%20Avgerinos.mp3
2068,22630,C:/Users/fmlin/Desktop/ismir2018_tutorial-master/dataset/MagnaTagATune/audio/5/paul_avgerinos-muse_of_the_round_sky-05-grace_of_the_witch-233-262.mp3,5,Grace of the Witch,Paul Avgerinos,Muse of the Round Sky,http://www.magnatune.com/artists/albums/avgerinos-muse/,233,262,http://he3.magnatune.com/all/05-Grace%20of%20the%20Witch-Paul%20Avgerinos.mp3
2085,10050,C:/Users/fmlin/Desktop/ismir2018_tutorial-master/dataset/MagnaTagATune/audio/d/paul_avgerinos-words_touch-02-song_without_end-117-146.mp3,2,Song Without End,Paul Avgerinos,Words Touch,http://www.magnatune.com/artists/albums/avgerinos-words/,117,146,http://he3.magnatune.com/all/02-Song%20Without%20End-Paul%20Avgerinos.mp3
2109,56070,C:/Users/fmlin/Desktop/ismir2018_tutorial-master/dataset/MagnaTagATune/audio/b/paul_beier-alessandro_piccinini-19-toccata_xxiii-88-117.mp3,19,Toccata XXIII,Paul Beier,Alessandro Piccinini,http://www.magnatune.com/artists/albums/beier-piccinini/,88,117,http://he3.magnatune.com/all/19-Toccata%20XXIII-Paul%20Beier.mp3
2141,13563,C:/Users/fmlin/Desktop/ismir2018_tutorial-master/dataset/MagnaTagATune/audio/f/paul_berget-sl_weiss_on_11_strings-03-linfidele_suite_sarabande-233-262.mp3,3,L'Infidele Suite (sarabande),Paul Berget,SL Weiss on 11 Strings,http://www.magnatune.com/artists/albums/berget-weiss11/,233,262,http://he3.magnatune.com/all/03-L'Infidele%20Suite%20(sarabande)-Paul%20Berget.mp3
2142,18286,C:/Users/fmlin/Desktop/ismir2018_tutorial-master/dataset/MagnaTagATune/audio/f/paul_berget-sl_weiss_on_11_strings-04-linfidele_suite_minuet-88-117.mp3,4,L'Infidele Suite (minuet),Paul Berget,SL Weiss on 11 Strings,http://www.magnatune.com/artists/albums/berget-weiss11/,88,117,http://he3.magnatune.com/all/04-L'Infidele%20Suite%20(minuet)-Paul%20Berget.mp3
2149,46853,C:/Users/fmlin/Desktop/ismir2018_tutorial-master/dataset/MagnaTagATune/audio/f/paul_berget-sl_weiss_on_11_strings-11-sonata_in_dm_sarabande-30-59.mp3,11,Sonata in Dm (sarabande),Paul Berget,SL Weiss on 11 Strings,http://www.magnatune.com/artists/albums/berget-weiss11/,30,59,http://he3.magnatune.com/all/11-Sonata%20in%20Dm%20(sarabande)-Paul%20Berget.mp3
2158,56310,C:/Users/fmlin/Desktop/ismir2018_tutorial-master/dataset/MagnaTagATune/audio/f/paul_berget-sl_weiss_on_11_strings-20-partita_in_g_gigue-0-29.mp3,20,Partita in G (gigue),Paul Berget,SL Weiss on 11 Strings,http://www.magnatune.com/artists/albums/berget-weiss11/,0,29,http://he3.magnatune.com/all/20-Partita%20in%20G%20(gigue)-Paul%20Berget.mp3
2216,57933,C:/Users/fmlin/Desktop/ismir2018_tutorial-master/dataset/MagnaTagATune/audio/8/philharmonia_baroque-cd2_scarlatti__cecilian_vespers-25-salve_regina__o_clemens-146-175.mp3,25,Salve Regina - O clemens,Philharmonia Baroque,CD2 Scarlatti - Cecilian Vespers,http://www.magnatune.com/artists/albums/pb-vespers2/,146,175,http://he3.magnatune.com/all/25-Salve%20Regina%20-%20O%20clemens-Philharmonia%20Baroque.mp3
2250,11321,C:/Users/fmlin/Desktop/ismir2018_tutorial-master/dataset/MagnaTagATune/audio/6/ralph_meulenbroeks-gambomania-03-sonata_in_d_minor_allegro_karl_friedrich_abel-0-29.mp3,3,-Sonata in d minor_ Allegro (Karl Friedrich Abel)-,Ralph Meulenbroeks,Gambomania,http://www.magnatune.com/artists/albums/meulenbroeks-gambomania/,0,29,http://he3.magnatune.com/all/03--Sonata%20in%20d%20minor_%20Allegro%20(Karl%20Friedrich%20Abel)--Ralph%20Meulenbroeks.mp3
2281,17524,C:/Users/fmlin/Desktop/ismir2018_tutorial-master/dataset/MagnaTagATune/audio/5/rapoon-cidar-04-estuary-30-59.mp3,4,Estuary,Rapoon,Cidar,http://www.magnatune.com/artists/albums/rapoon-cidar/,30,59,http://he3.magnatune.com/all/04-Estuary-Rapoon.mp3
2284,31679,C:/Users/fmlin/Desktop/ismir2018_tutorial-master/dataset/MagnaTagATune/audio/5/rapoon-cidar-07-goost-204-233.mp3,7,Goost,Rapoon,Cidar,http://www.magnatune.com/artists/albums/rapoon-cidar/,204,233,http://he3.magnatune.com/all/07-Goost-Rapoon.mp3
2285,35015,C:/Users/fmlin/Desktop/ismir2018_tutorial-master/dataset/MagnaTagATune/audio/5/rapoon-cidar-08-cimbala-378-407.mp3,8,Cimbala,Rapoon,Cidar,http://www.magnatune.com/artists/albums/rapoon-cidar/,378,407,http://he3.magnatune.com/all/08-Cimbala-Rapoon.mp3
2290,16839,C:/Users/fmlin/Desktop/ismir2018_tutorial-master/dataset/MagnaTagATune/audio/5/rapoon-fallen_gods-04-breathing_gold-262-291.mp3,4,Breathing Gold,Rapoon,Fallen Gods,http://www.magnatune.com/artists/albums/rapoon-fallen/,262,291,http://he3.magnatune.com/all/04-Breathing%20Gold-Rapoon.mp3
2298,16722,C:/Users/fmlin/Desktop/ismir2018_tutorial-master/dataset/MagnaTagATune/audio/f/rapoon-tin_of_drum-04-between_the_hours-59-88.mp3,4,Between the hours,Rapoon,Tin of Drum,http://www.magnatune.com/artists/albums/rapoon-tindrum/,59,88,http://he3.magnatune.com/all/04-Between%20the%20hours-Rapoon.mp3
2299,21266,C:/Users/fmlin/Desktop/ismir2018_tutorial-master/dataset/MagnaTagATune/audio/f/rapoon-tin_of_drum-05-arguing_the_theological_toss-117-146.mp3,5,Arguing the theological toss,Rapoon,Tin of Drum,http://www.magnatune.com/artists/albums/rapoon-tindrum/,117,146,http://he3.magnatune.com/all/05-Arguing%20the%20theological%20toss-Rapoon.mp3
2309,6140,C:/Users/fmlin/Desktop/ismir2018_tutorial-master/dataset/MagnaTagATune/audio/c/reza_manzoori-restrung-02-arrival-204-233.mp3,2,Arrival,Reza Manzoori,ReStrung,http://www.magnatune.com/artists/albums/reza-restrung/,204,233,http://he3.magnatune.com/all/02-Arrival-Reza%20Manzoori.mp3
2328,36167,C:/Users/fmlin/Desktop/ismir2018_tutorial-master/dataset/MagnaTagATune/audio/a/rhonda_lorence-winter_moon-08-lament_of_the_loons-117-146.mp3,8,Lament of the Loons,Rhonda Lorence,Winter Moon,http://www.magnatune.com/artists/albums/lorence-winter/,117,146,http://he3.magnatune.com/all/08-Lament%20of%20the%20Loons-Rhonda%20Lorence.mp3
2349,1975,C:/Users/fmlin/Desktop/ismir2018_tutorial-master/dataset/MagnaTagATune/audio/b/rob_costlow-sophomore_jinx-01-i_do-0-29.mp3,1,I Do,Rob Costlow,Sophomore Jinx,http://www.magnatune.com/artists/albums/costlow-sophomore/,0,29,http://he3.magnatune.com/all/01-I%20Do%20-%20Rob%20Costlow.mp3
2393,5220,C:/Users/fmlin/Desktop/ismir2018_tutorial-master/dataset/MagnaTagATune/audio/7/roots_of_rebellion-the_looking_glass-01-the_order-146-175.mp3,1,The Order,Roots of Rebellion,The Looking Glass,http://www.magnatune.com/artists/albums/rootsrebel-looking/,146,175,http://he3.magnatune.com/all/01-The%20Order-Roots%20of%20Rebellion.mp3
2454,40958,C:/Users/fmlin/Desktop/ismir2018_tutorial-master/dataset/MagnaTagATune/audio/e/seth_carlin-mozart_in_the_age_of_enlightenment-09-sonata_in_fsharp_minor__allegretto_friedrich_wilhelm_rust-59-88.mp3,9,Sonata in F-sharp minor - Allegretto (Friedrich Wilhelm Rust),Seth Carlin,Mozart in the Age of Enlightenment,http://www.magnatune.com/artists/albums/carlin-enlightenment/,59,88,http://he3.magnatune.com/all/09-Sonata%20in%20F-sharp%20minor%20-%20Allegretto%20(Friedrich%20Wilhelm%20Rust)%20-Seth%20Carlin.mp3
2459,51908,C:/Users/fmlin/Desktop/ismir2018_tutorial-master/dataset/MagnaTagATune/audio/e/seth_carlin-mozart_in_the_age_of_enlightenment-14-sonata_in_bflat_major__kv_333__andante_cantabile_wolfgang_amadeus_mozart-59-88.mp3,14,Sonata in B-flat major - KV 333 - Andante cantabile (Wolfgang Amadeus Mozart),Seth Carlin,Mozart in the Age of Enlightenment,http://www.magnatune.com/artists/albums/carlin-enlightenment/,59,88,http://he3.magnatune.com/all/14-Sonata%20in%20B-flat%20major%20-%20KV%20333%20-%20Andante%20cantabile%20(Wolfgang%20Amadeus%20Mozart)-Seth%20Carlin.mp3
2497,5198,C:/Users/fmlin/Desktop/ismir2018_tutorial-master/dataset/MagnaTagATune/audio/6/shira_kammen-the_castle_of_the_holly_king-01-the_holly_bears_a_berry-59-88.mp3,1,The Holly Bears a Berry,Shira Kammen,The Castle of the Holly King,http://www.magnatune.com/artists/albums/shira-castle/,59,88,http://he3.magnatune.com/all/01-The%20Holly%20Bears%20a%20Berry-Shira%20Kammen.mp3
2523,35536,C:/Users/fmlin/Desktop/ismir2018_tutorial-master/dataset/MagnaTagATune/audio/2/solace-ahsas-08-forsaken_curcuna_108-320-349.mp3,8,Forsaken (Curcuna 10-8),Solace,Ahsas,http://www.magnatune.com/artists/albums/solace-ahsas/,320,349,http://he3.magnatune.com/all/08-Forsaken%20(Curcuna%2010-8)-Solace.mp3
2551,15838,C:/Users/fmlin/Desktop/ismir2018_tutorial-master/dataset/MagnaTagATune/audio/b/solar_cycle-sunlight-03-traveling-88-117.mp3,3,Traveling,Solar Cycle,Sunlight,http://www.magnatune.com/artists/albums/solarcycle-sunlight/,88,117,http://he3.magnatune.com/all/03-Traveling-Solar%20Cycle.mp3
2593,21293,C:/Users/fmlin/Desktop/ismir2018_tutorial-master/dataset/MagnaTagATune/audio/6/stargarden-ambient_excursions-05-astral_dub-146-175.mp3,5,Astral Dub,Stargarden,Ambient Excursions,http://www.magnatune.com/artists/albums/stargarden-excursions/,146,175,http://he3.magnatune.com/all/05-Astral%20Dub%20-%20Stargarden.mp3
2673,53154,C:/Users/fmlin/Desktop/ismir2018_tutorial-master/dataset/MagnaTagATune/audio/1/tanya_tomkins_and_eric_zivian-beethoven_piano_and_cello_works-15-sonata_in_d_major_op__102_no__2_allegro_con_brio-117-146.mp3,15,Sonata in D Major op. 102 no. 2 Allegro con brio,Tanya Tomkins and Eric Zivian,Beethoven Piano and Cello Works,http://www.magnatune.com/artists/albums/tomkins-beethoven/,117,146,http://he3.magnatune.com/all/15-Sonata%20in%20D%20Major%20op.%20102%20no.%202%20Allegro%20con%20brio-Tanya%20Tomkins%20and%20Eric%20Zivian.mp3
2680,22826,C:/Users/fmlin/Desktop/ismir2018_tutorial-master/dataset/MagnaTagATune/audio/b/the_bots-now_is_the_time-05-i_just_wanna_be_dancin-117-146.mp3,5,I Just Wanna Be Dancin,The Bots,Now is The Time,http://www.magnatune.com/artists/albums/bots-now/,117,146,http://he3.magnatune.com/all/05-I%20Just%20Wanna%20Be%20Dancin-The%20Bots.mp3
2689,52169,C:/Users/fmlin/Desktop/ismir2018_tutorial-master/dataset/MagnaTagATune/audio/b/the_bots-now_is_the_time-14-the_sea_of_time-0-29.mp3,14,The Sea Of Time,The Bots,Now is The Time,http://www.magnatune.com/artists/albums/bots-now/,0,29,http://he3.magnatune.com/all/14-The%20Sea%20Of%20Time-The%20Bots.mp3
2702,50592,C:/Users/fmlin/Desktop/ismir2018_tutorial-master/dataset/MagnaTagATune/audio/0/the_bots-truth-13-smoky_on_da_mic-59-88.mp3,13,Smoky On Da Mic,The Bots,Truth,http://www.magnatune.com/artists/albums/bots-truth/,59,88,http://he3.magnatune.com/all/13-Smoky%20On%20Da%20Mic-The%20Bots.mp3
2738,48814,C:/Users/fmlin/Desktop/ismir2018_tutorial-master/dataset/MagnaTagATune/audio/9/the_seldon_plan-making_circles-12-samuel_p__huntington-117-146.mp3,12,Samuel P. Huntington,The Seldon Plan,Making Circles,http://www.magnatune.com/artists/albums/seldon-circles/,117,146,http://he3.magnatune.com/all/12-Samuel%20P.%20Huntington-The%20Seldon%20Plan.mp3
2753,7696,C:/Users/fmlin/Desktop/ismir2018_tutorial-master/dataset/MagnaTagATune/audio/9/the_wretch-ambulatory-02-hope_in_living_stereo-146-175.mp3,2,Hope (in living stereo),The Wretch,Ambulatory,http://www.magnatune.com/artists/albums/wretch-ambulatory/,146,175,http://he3.magnatune.com/all/02-Hope%20(in%20living%20stereo)-The%20Wretch.mp3
2754,12197,C:/Users/fmlin/Desktop/ismir2018_tutorial-master/dataset/MagnaTagATune/audio/9/the_wretch-ambulatory-03-comfort-146-175.mp3,3,Comfort,The Wretch,Ambulatory,http://www.magnatune.com/artists/albums/wretch-ambulatory/,146,175,http://he3.magnatune.com/all/03-Comfort-The%20Wretch.mp3
2759,35688,C:/Users/fmlin/Desktop/ismir2018_tutorial-master/dataset/MagnaTagATune/audio/9/the_wretch-ambulatory-08-harnessed-0-29.mp3,8,Harnessed,The Wretch,Ambulatory,http://www.magnatune.com/artists/albums/wretch-ambulatory/,0,29,http://he3.magnatune.com/all/08-Harnessed-The%20Wretch.mp3
2765,51870,C:/Users/fmlin/Desktop/ismir2018_tutorial-master/dataset/MagnaTagATune/audio/9/the_wretch-ambulatory-14-sickness-0-29.mp3,14,Sickness,The Wretch,Ambulatory,http://www.magnatune.com/artists/albums/wretch-ambulatory/,0,29,http://he3.magnatune.com/all/14-Sickness-The%20Wretch.mp3
2786,840,C:/Users/fmlin/Desktop/ismir2018_tutorial-master/dataset/MagnaTagATune/audio/a/tilopa-by_the_way-01-by_the_way-117-146.mp3,1,By The Way,Tilopa,By The Way,http://www.magnatune.com/artists/albums/tilopa-bytheway/,117,146,http://he3.magnatune.com/all/01-By%20The%20Way-Tilopa.mp3
2792,2293,C:/Users/fmlin/Desktop/ismir2018_tutorial-master/dataset/MagnaTagATune/audio/e/tilopa-out_of_the_blue-01-kyopianosus-30-59.mp3,1,Kyo-piano-sus,Tilopa,Out of the Blue,http://www.magnatune.com/artists/albums/tilopa-outblue/,30,59,http://he3.magnatune.com/all/01-Kyo-piano-sus-Tilopa.mp3
2795,20814,C:/Users/fmlin/Desktop/ismir2018_tutorial-master/dataset/MagnaTagATune/audio/e/tilopa-out_of_the_blue-04-wings_over_water-581-610.mp3,4,Wings Over Water,Tilopa,Out of the Blue,http://www.magnatune.com/artists/albums/tilopa-outblue/,581,610,http://he3.magnatune.com/all/04-Wings%20Over%20Water-Tilopa.mp3
2797,26894,C:/Users/fmlin/Desktop/ismir2018_tutorial-master/dataset/MagnaTagATune/audio/e/tilopa-out_of_the_blue-06-el_corazon_canta-30-59.mp3,6,El Corazon Canta,Tilopa,Out of the Blue,http://www.magnatune.com/artists/albums/tilopa-outblue/,30,59,http://he3.magnatune.com/all/06-El%20Corazon%20Canta-Tilopa.mp3
2818,19567,C:/Users/fmlin/Desktop/ismir2018_tutorial-master/dataset/MagnaTagATune/audio/d/tim_rayborn-chordae-04-sempr_alegria-175-204.mp3,4,Sempr' alegria,Tim Rayborn,Chordae,http://www.magnatune.com/artists/albums/rayborn-chordae/,175,204,http://he3.magnatune.com/all/04-Sempr'%20alegria-Tim%20Rayborn.mp3
2864,24980,C:/Users/fmlin/Desktop/ismir2018_tutorial-master/dataset/MagnaTagATune/audio/c/touchinggrace-happenstance-05-sunday_driver-0-29.mp3,5,Sunday Driver,touchingGrace,Happenstance,http://www.magnatune.com/artists/albums/touchinggrace-happenstance/,0,29,http://he3.magnatune.com/all/05-Sunday%20Driver-touchingGrace.mp3
2867,41042,C:/Users/fmlin/Desktop/ismir2018_tutorial-master/dataset/MagnaTagATune/audio/c/touchinggrace-happenstance-09-southern_sultry-30-59.mp3,9,Southern Sultry,touchingGrace,Happenstance,http://www.magnatune.com/artists/albums/touchinggrace-happenstance/,30,59,http://he3.magnatune.com/all/09-Southern%20Sultry-touchingGrace.mp3
2870,2218,C:/Users/fmlin/Desktop/ismir2018_tutorial-master/dataset/MagnaTagATune/audio/4/touchinggrace-panacea-01-jupiter_suite-610-639.mp3,1,Jupiter Suite,touchingGrace,Panacea,http://www.magnatune.com/artists/albums/touchinggrace-panacea/,610,639,http://he3.magnatune.com/all/01-Jupiter%20Suite-touchingGrace.mp3
2873,3026,C:/Users/fmlin/Desktop/ismir2018_tutorial-master/dataset/MagnaTagATune/audio/1/touchinggrace-the_reformation_sessions-01-november_gale-262-291.mp3,1,November Gale,touchingGrace,The Reformation Sessions,http://www.magnatune.com/artists/albums/touchinggrace-reformation/,262,291,http://he3.magnatune.com/all/01-November%20Gale-touchingGrace.mp3
2875,15459,C:/Users/fmlin/Desktop/ismir2018_tutorial-master/dataset/MagnaTagATune/audio/1/touchinggrace-the_reformation_sessions-03-swampland-175-204.mp3,3,Swampland,touchingGrace,The Reformation Sessions,http://www.magnatune.com/artists/albums/touchinggrace-reformation/,175,204,http://he3.magnatune.com/all/03-Swampland-touchingGrace.mp3
2897,42693,C:/Users/fmlin/Desktop/ismir2018_tutorial-master/dataset/MagnaTagATune/audio/4/trip_wamsley-its_better_this_way-10-firm_foundation-175-204.mp3,10,Firm Foundation,Trip Wamsley,Its Better This Way,http://www.magnatune.com/artists/albums/wamsley-itsbetter/,175,204,http://he3.magnatune.com/all/10-Firm%20Foundation-Trip%20Wamsley.mp3
2900,15081,C:/Users/fmlin/Desktop/ismir2018_tutorial-master/dataset/MagnaTagATune/audio/2/version-versions-03-solaire-0-29.mp3,3,Solaire,Version,Versions,http://www.magnatune.com/artists/albums/version-versions/,0,29,http://he3.magnatune.com/all/03-Solaire-Version.mp3
2909,10292,C:/Users/fmlin/Desktop/ismir2018_tutorial-master/dataset/MagnaTagATune/audio/3/very_large_array-stuff-02-superdrag-146-175.mp3,2,Superdrag,Very Large Array,Stuff,http://www.magnatune.com/artists/albums/vla-stuff/,146,175,http://he3.magnatune.com/all/02-Superdrag-Very%20Large%20Array.mp3
2913,27116,C:/Users/fmlin/Desktop/ismir2018_tutorial-master/dataset/MagnaTagATune/audio/3/very_large_array-stuff-06-favorite_tease-0-29.mp3,6,Favorite tease,Very Large Array,Stuff,http://www.magnatune.com/artists/albums/vla-stuff/,0,29,http://he3.magnatune.com/all/06-Favorite%20tease-Very%20Large%20Array.mp3
2925,28441,C:/Users/fmlin/Desktop/ismir2018_tutorial-master/dataset/MagnaTagATune/audio/c/vito_paternoster-cd1bach_sonatas_and_partitas_for_solo_violin-06-partita_prima_in_mi_minore__double-59-88.mp3,6,Partita Prima in mi minore - Double,Vito Paternoster,CD1-Bach Sonatas and Partitas for solo violin,http://www.magnatune.com/artists/albums/paternoster-sonatas1/,59,88,http://he3.magnatune.com/all/06-Partita%20Prima%20in%20mi%20minore%20-%20Double-Vito%20Paternoster.mp3
2959,40522,C:/Users/fmlin/Desktop/ismir2018_tutorial-master/dataset/MagnaTagATune/audio/0/voices_of_music-an_evening_with_bach-09-prelude_in_g_major_bwv_1007-59-88.mp3,9,Prelude in G Major (BWV 1007),Voices of Music,An Evening With Bach,http://www.magnatune.com/artists/albums/voicesofmusic-bach/,59,88,http://he3.magnatune.com/all/09-Prelude%20in%20G%20Major%20(BWV%201007)-Voices%20of%20Music.mp3
2975,43363,C:/Users/fmlin/Desktop/ismir2018_tutorial-master/dataset/MagnaTagATune/audio/0/william_brooks-bitter_circus-10-my_love_looks_the_other_way-59-88.mp3,10,My Love Looks the Other Way,William Brooks,Bitter Circus,http://www.magnatune.com/artists/albums/wbrooks-bitter/,59,88,http://he3.magnatune.com/all/10-My%20Love%20Looks%20the%20Other%20Way-William%20Brooks.mp3
3008,31647,C:/Users/fmlin/Desktop/ismir2018_tutorial-master/dataset/MagnaTagATune/audio/0/williamson-a_few_things_to_hear_before_we_all_blow_up-07-glitch_cowboy_local_16044-117-146.mp3,7,glitch cowboy local 16044,Williamson,A few things to hear before we all blow up,http://www.magnatune.com/artists/albums/williamson-afew/,117,146,http://he3.magnatune.com/all/07-glitch%20cowboy%20local%2016044-Williamson.mp3
